{"errors":[],"warnings":["./src/components/Header.js\nModule Warning (from ./node_modules/eslint-loader/index.js):\n\u001b[0m\u001b[0m\n\u001b[0m\u001b[4mE:\\School\\nsat website\\nsat\\gatsby-starter-dimension\\src\\components\\Header.js\u001b[24m\u001b[0m\n\u001b[0m  \u001b[2m8:7\u001b[22m  \u001b[33mwarning\u001b[39m  img elements must have an alt prop, either with meaningful text, or an empty string for decorative images  \u001b[2mjsx-a11y/alt-text\u001b[22m\u001b[0m\n\u001b[0m\u001b[0m\n\u001b[0m\u001b[33m\u001b[1m✖ 1 problem (0 errors, 1 warning)\u001b[22m\u001b[39m\u001b[0m\n\u001b[0m\u001b[33m\u001b[1m\u001b[22m\u001b[39m\u001b[0m","./src/components/Main.js\nModule Warning (from ./node_modules/eslint-loader/index.js):\n\u001b[0m\u001b[0m\n\u001b[0m\u001b[4mE:\\School\\nsat website\\nsat\\gatsby-starter-dimension\\src\\components\\Main.js\u001b[24m\u001b[0m\n\u001b[0m  \u001b[2m10:7\u001b[22m  \u001b[33mwarning\u001b[39m  Visible, non-interactive elements with click handlers must have at least one keyboard listener  \u001b[2mjsx-a11y/click-events-have-key-events\u001b[22m\u001b[0m\n\u001b[0m  \u001b[2m10:7\u001b[22m  \u001b[33mwarning\u001b[39m  Static HTML elements with event handlers require a role                                         \u001b[2mjsx-a11y/no-static-element-interactions\u001b[22m\u001b[0m\n\u001b[0m\u001b[0m\n\u001b[0m\u001b[33m\u001b[1m✖ 2 problems (0 errors, 2 warnings)\u001b[22m\u001b[39m\u001b[0m\n\u001b[0m\u001b[33m\u001b[1m\u001b[22m\u001b[39m\u001b[0m"],"namedChunkGroups":{"polyfill":{"chunks":["polyfill"],"assets":["polyfill.js","polyfill.js.map"],"children":{},"childAssets":{}},"commons":{"chunks":["commons"],"assets":["commons.css","commons.js","commons.css.map","commons.js.map"],"children":{},"childAssets":{}}},"assetsByChunkName":{"polyfill":["polyfill.js"],"commons":["commons.css","commons.js"]}}