{"errors":[],"warnings":[],"namedChunkGroups":{"polyfill":{"chunks":[2,8],"assets":["webpack-runtime-c07d888b7f9c5d08ff4a.js","webpack-runtime-c07d888b7f9c5d08ff4a.js.map","polyfill-e4957c11759bdfc149d9.js","polyfill-e4957c11759bdfc149d9.js.map"],"children":{},"childAssets":{}},"app":{"chunks":[2,7,3],"assets":["webpack-runtime-c07d888b7f9c5d08ff4a.js","webpack-runtime-c07d888b7f9c5d08ff4a.js.map","framework-dbb498007a7447f28d8e.js","framework-dbb498007a7447f28d8e.js.map","app-e46f9e21963a13d5e403.js","app-e46f9e21963a13d5e403.js.map"],"children":{},"childAssets":{}},"component---src-pages-404-js":{"chunks":[1,0,4],"assets":["styles.57f0644c497187f06ce7.css","styles-e9d24b1846c7d6eb9685.js","styles-e9d24b1846c7d6eb9685.js.map","commons-513b3aa039c0d212ebf9.js","commons-513b3aa039c0d212ebf9.js.map","component---src-pages-404-js-04860d28acea1f4ec177.js","component---src-pages-404-js-04860d28acea1f4ec177.js.map"],"children":{},"childAssets":{}},"component---src-pages-index-js":{"chunks":[1,0,5],"assets":["styles.57f0644c497187f06ce7.css","styles-e9d24b1846c7d6eb9685.js","styles-e9d24b1846c7d6eb9685.js.map","commons-513b3aa039c0d212ebf9.js","commons-513b3aa039c0d212ebf9.js.map","component---src-pages-index-js-840399a273e195286b9f.js","component---src-pages-index-js-840399a273e195286b9f.js.map"],"children":{},"childAssets":{}},"component---src-pages-page-2-js":{"chunks":[1,0,6],"assets":["styles.57f0644c497187f06ce7.css","styles-e9d24b1846c7d6eb9685.js","styles-e9d24b1846c7d6eb9685.js.map","commons-513b3aa039c0d212ebf9.js","commons-513b3aa039c0d212ebf9.js.map","component---src-pages-page-2-js-a2d280853763226fc88b.js","component---src-pages-page-2-js-a2d280853763226fc88b.js.map"],"children":{},"childAssets":{}}},"assetsByChunkName":{"polyfill":["webpack-runtime-c07d888b7f9c5d08ff4a.js","polyfill-e4957c11759bdfc149d9.js"],"app":["webpack-runtime-c07d888b7f9c5d08ff4a.js","framework-dbb498007a7447f28d8e.js","app-e46f9e21963a13d5e403.js"],"component---src-pages-404-js":["styles.57f0644c497187f06ce7.css","styles-e9d24b1846c7d6eb9685.js","commons-513b3aa039c0d212ebf9.js","component---src-pages-404-js-04860d28acea1f4ec177.js"],"component---src-pages-index-js":["styles.57f0644c497187f06ce7.css","styles-e9d24b1846c7d6eb9685.js","commons-513b3aa039c0d212ebf9.js","component---src-pages-index-js-840399a273e195286b9f.js"],"component---src-pages-page-2-js":["styles.57f0644c497187f06ce7.css","styles-e9d24b1846c7d6eb9685.js","commons-513b3aa039c0d212ebf9.js","component---src-pages-page-2-js-a2d280853763226fc88b.js"]}}